address,tel,email
777 Brockton Avenue Abington MA 2351 ,(486) 298-8229,pkplex@outlook.com
"30 Memorial Drive, Avon MA 2322",(476) 471-5087,vlefevre@att.net
"250 Hartford Avenue, Bellingham MA 2019",(540) 351-4092,benanov@sbcglobal.net
"700 Oak Street, Brockton MA 2301",(670) 768-5572,portele@msn.com
"66-4 Parkhurst Rd, Chelmsford MA 1824",(932) 347-4458,philen@outlook.com
"591 Memorial Dr, Chicopee MA 1020",(872) 213-0225,amichalo@optonline.net
"55 Brooksby Village Way, Danvers MA 1923",(502) 553-2882,fhirsch@icloud.com
"137 Teaticket Hwy, East Falmouth MA 2536",(683) 765-5451,eidac@icloud.com
"42 Fairhaven Commons Way, Fairhaven MA 2719",(242) 528-8203,dinther@mac.com
"374 William S Canning Blvd, Fall River MA 2721",(665) 818-8478,mcsporran@yahoo.com
"121 Worcester Rd, Framingham MA 1701",(290) 342-2036,emcleod@icloud.com
"677 Timpany Blvd, Gardner MA 1440",(253) 999-6876,satch@optonline.net
"337 Russell St, Hadley MA 1035",(676) 703-3044,rkobes@me.com
"295 Plymouth Street, Halifax MA 2338",(574) 988-2427,tmaek@comcast.net
"1775 Washington St, Hanover MA 2339",(337) 711-5377,iamcal@sbcglobal.net
"280 Washington Street, Hudson MA 1749",(823) 201-9535,kostas@yahoo.com
"20 Soojian Dr, Leicester MA 1524",(511) 881-7947,catalog@comcast.net
"11 Jungle Road, Leominster MA 1453",(556) 353-4299,andersbr@outlook.com
"301 Massachusetts Ave, Lunenburg MA 1462",(918) 477-3069,sfoskett@sbcglobal.net
"780 Lynnway, Lynn MA 1905",(476) 465-1617,maikelnai@msn.com
"70 Pleasant Valley Street, Methuen MA 1844",(410) 567-1666,claesjac@yahoo.com
"830 Curran Memorial Hwy, North Adams MA 1247",(597) 814-4906,bockelboy@live.com
"1470 S Washington St, North Attleboro MA 2760",(666) 310-7956,bflong@mac.com
"506 State Road, North Dartmouth MA 2747",(575) 725-8566,chaki@comcast.net
"742 Main Street, North Oxford MA 1537",(871) 307-6061,crusader@outlook.com
"72 Main St, North Reading MA 1864",(510) 642-1334,scarlet@icloud.com
"200 Otis Street, Northborough MA 1532",(217) 671-9505,pontipak@me.com
"180 North King Street, Northhampton MA 1060",(699) 217-1302,tubesteak@icloud.com
"555 East Main St, Orange MA 1364",(830) 465-4022,scarolan@live.com
"555 Hubbard Ave-Suite 12, Pittsfield MA 1201",(353) 802-9546,frikazoyd@sbcglobal.net
"300 Colony Place, Plymouth MA 2360",(685) 955-4004,hermanab@mac.com
"301 Falls Blvd, Quincy MA 2169",(275) 388-6632,caidaperl@sbcglobal.net
"36 Paramount Drive, Raynham MA 2767",(683) 977-3085,facet@outlook.com
"450 Highland Ave, Salem MA 1970",(749) 675-5063,andale@hotmail.com
"1180 Fall River Avenue, Seekonk MA 2771",(498) 855-9057,dbrobins@gmail.com
"1105 Boston Road, Springfield MA 1119",(646) 835-4156,esasaki@gmail.com
"100 Charlton Road, Sturbridge MA 1566",(361) 761-1672,tsuruta@live.com
"262 Swansea Mall Dr, Swansea MA 2777",(854) 270-3915,alastair@yahoo.com
"333 Main Street, Tewksbury MA 1876",(469) 599-3960,rande@me.com
"550 Providence Hwy, Walpole MA 2081",(734) 238-2194,formis@msn.com
"352 Palmer Road, Ware MA 1082",(642) 547-7528,muzzy@optonline.net
"3005 Cranberry Hwy Rt 6 28, Wareham MA 2538",(899) 339-7852,rddesign@icloud.com
"250 Rt 59, Airmont NY 10901",(701) 630-8917,quinn@gmail.com
"141 Washington Ave Extension, Albany NY 12205",(815) 693-8985,crusader@att.net
"13858 Rt 31 W, Albion NY 14411",(745) 522-7913,amimojo@yahoo.com
"2055 Niagara Falls Blvd, Amherst NY 14228",(513) 749-3690,rsteiner@att.net
"101 Sanford Farm Shpg Center, Amsterdam NY 12010",(819) 488-2483,sjava@mac.com
"297 Grant Avenue, Auburn NY 13021",(820) 575-4760,cvrcek@yahoo.com
"4133 Veterans Memorial Drive, Batavia NY 14020",(784) 677-3489,gfxguy@att.net
"6265 Brockport Spencerport Rd, Brockport NY 14420",(384) 223-6059,matthijs@me.com
"5399 W Genesse St, Camillus NY 13031",(566) 755-5265,inico@yahoo.com
"3191 County rd 10, Canandaigua NY 14424",(387) 846-0034,chronos@outlook.com
"30 Catskill, Catskill NY 12414",(583) 754-9187,rkobes@outlook.com
"161 Centereach Mall, Centereach NY 11720",(678) 907-6906,oevans@verizon.net
"3018 East Ave, Central Square NY 13036",(775) 580-5303,njpayne@live.com
"100 Thruway Plaza, Cheektowaga NY 14225",(466) 551-1243,amichalo@msn.com
"8064 Brewerton Rd, Cicero NY 13039",(748) 727-1411,hmbrand@icloud.com
"5033 Transit Road, Clarence NY 14031",(610) 822-6192,mhoffman@gmail.com
"3949 Route 31, Clay NY 13041",(792) 769-2047,starstuff@comcast.net
"139 Merchant Place, Cobleskill NY 12043",(564) 330-7486,hllam@gmail.com
"85 Crooked Hill Road, Commack NY 11725",(372) 202-3268,mbswan@att.net
"872 Route 13, Cortlandville NY 13045",(799) 853-5238,greear@comcast.net
"279 Troy Road, East Greenbush NY 12061",(573) 717-7133,geeber@sbcglobal.net
"2465 Hempstead Turnpike, East Meadow NY 11554",(408) 554-7490,kaiser@optonline.net
"6438 Basile Rowe, East Syracuse NY 13057",(244) 284-9258,rsmartin@att.net
"25737 US Rt 11, Evans Mills NY 13637",(469) 257-5589,wainwrig@yahoo.com
"901 Route 110, Farmingdale NY 11735",(385) 975-3067,bdthomas@yahoo.ca
"2400 Route 9, Fishkill NY 12524",(940) 285-7241,smallpaul@live.com
"10401 Bennett Road, Fredonia NY 14063",(518) 304-9913,aibrahim@aol.com
"1818 State Route 3, Fulton NY 13069",(274) 668-9003,ntegrity@msn.com
"4300 Lakeville Road, Geneseo NY 14454",(626) 213-6699,kawasaki@msn.com
"990 Route 5 20, Geneva NY 14456",(445) 518-5502,jimmichie@sbcglobal.net
"311 RT 9W, Glenmont NY 12077",(417) 688-5962,fraterk@yahoo.ca
"200 Dutch Meadows Ln, Glenville NY 12302",(994) 308-4132,panolex@verizon.net
"100 Elm Ridge Center Dr, Greece NY 14626",(651) 915-8442,johnh@aol.com
"1549 Rt 9, Halfmoon NY 12065",(499) 670-8044,nachbaur@msn.com
"5360 Southwestern Blvd, Hamburg NY 14075",(402) 289-0055,denism@me.com
"103 North Caroline St, Herkimer NY 13350",(643) 499-7183,jesse@verizon.net
"1000 State Route 36, Hornell NY 14843",(434) 526-6394,tellis@mac.com
"1400 County Rd 64, Horseheads NY 14845",(270) 298-9023,russotto@yahoo.ca
"135 Fairgrounds Memorial Pkwy, Ithaca NY 14850",(557) 813-0551,dvdotnet@msn.com
"2 Gannett Dr, Johnson City NY 13790",(816) 661-5494,zavadsky@comcast.net
"233 5th Ave Ext, Johnstown NY 12095",(271) 365-1736,arandal@hotmail.com
"601 Frank Stottile Blvd, Kingston NY 12401",(905) 426-9811,aardo@yahoo.com
"350 E Fairmount Ave, Lakewood NY 14750",(671) 382-8242,samavati@outlook.com
"4975 Transit Rd, Lancaster NY 14086",(485) 837-3670,larry@mac.com
"579 Troy-Schenectady Road, Latham NY 12110",(789) 400-4340,hling@att.net
"5783 So Transit Road, Lockport NY 14094",(865) 447-9201,ideguy@hotmail.com
"7155 State Rt 12 S, Lowville NY 13367",(925) 978-2041,epeeist@me.com
"425 Route 31, Macedon NY 14502",(654) 637-3988,ninenine@aol.com
"3222 State Rt 11, Malone NY 12953",(656) 520-0314,granboul@me.com
"200 Sunrise Mall, Massapequa NY 11758",(976) 869-5257,jaarnial@me.com
"43 Stephenville St, Massena NY 13662",(822) 528-8318,jramio@hotmail.com
"750 Middle Country Road, Middle Island NY 11953",(322) 284-2192,papathan@yahoo.ca
"470 Route 211 East, Middletown NY 10940",(649) 220-1625,iapetus@verizon.net
"3133 E Main St, Mohegan Lake NY 10547",(652) 924-4037,mirod@yahoo.com
"288 Larkin, Monroe NY 10950",(222) 674-0393,dmouse@att.net
"41 Anawana Lake Road, Monticello NY 12701",(971) 558-9016,jimxugle@outlook.com
"4765 Commercial Drive, New Hartford NY 13413",(520) 356-2609,dgatwood@verizon.net
"1201 Rt 300, Newburgh NY 12550",(923) 853-4945,bader@yahoo.com
"255 W Main St, Avon CT 6001",(819) 989-1606,stecoop@verizon.net
"120 Commercial Parkway, Branford CT 6405",(834) 236-2992,madler@msn.com
"1400 Farmington Ave, Bristol CT 6010",(724) 994-5246,suresh@verizon.net
"161 Berlin Road, Cromwell CT 6416",(856) 865-4608,jramio@msn.com
"67 Newton Rd, Danbury CT 6810",(839) 312-4217,parrt@aol.com
"656 New Haven Ave, Derby CT 6418",(373) 797-2679,dmiller@gmail.com
"69 Prospect Hill Road, East Windsor CT 6088",(431) 918-4213,khris@hotmail.com
"150 Gold Star Hwy, Groton CT 6340",(463) 779-7014,sinkou@yahoo.ca
"900 Boston Post Road, Guilford CT 6437",(341) 972-7440,pappp@icloud.com
"2300 Dixwell Ave, Hamden CT 6514",(313) 977-8663,jeteve@yahoo.com
"495 Flatbush Ave, Hartford CT 6106",(581) 518-1005,dawnsong@verizon.net
"180 River Rd, Lisbon CT 6351",(759) 533-9616,russotto@live.com
"420 Buckland Hills Dr, Manchester CT 6040",(419) 654-0195,galbra@mac.com
"1365 Boston Post Road, Milford CT 6460",(823) 325-0834,satishr@mac.com
"1100 New Haven Road, Naugatuck CT 6770",(509) 791-9652,joelw@mac.com
"315 Foxon Blvd, New Haven CT 6513",(230) 685-3672,timtroyr@optonline.net
"164 Danbury Rd, New Milford CT 6776",(419) 385-4794,hager@outlook.com
"3164 Berlin Turnpike, Newington CT 6111",(698) 931-9423,epeeist@aol.com
"474 Boston Post Road, North Windham CT 6256",(384) 448-2669,sakusha@msn.com
"650 Main Ave, Norwalk CT 6851",(759) 245-4652,esbeck@aol.com
"680 Connecticut Avenue, Norwalk CT 6854",(639) 633-3403,hager@comcast.net
"220 Salem Turnpike, Norwich CT 6360",(638) 356-0629,quinn@yahoo.ca
"655 Boston Post Rd, Old Saybrook CT 6475",(992) 459-3151,garyjb@sbcglobal.net
"625 School Street, Putnam CT 6260",(732) 318-1688,rasca@hotmail.com
"80 Town Line Rd, Rocky Hill CT 6067",(498) 472-2553,tristan@verizon.net
"465 Bridgeport Avenue, Shelton CT 6484",(364) 958-4116,kludge@gmail.com
"235 Queen St, Southington CT 6489",(474) 333-8102,lamky@icloud.com
"150 Barnum Avenue Cutoff, Stratford CT 6614",(543) 510-0774,scitext@comcast.net
"970 Torringford Street, Torrington CT 6790",(471) 660-6355,telbij@live.com
"844 No Colony Road, Wallingford CT 6492",(796) 479-0444,sabren@optonline.net
"910 Wolcott St, Waterbury CT 6705",(643) 513-2257,nimaclea@optonline.net
"155 Waterford Parkway No, Waterford CT 6385",(850) 364-6657,vlefevre@sbcglobal.net
"515 Sawmill Road, West Haven CT 6516",(916) 487-7006,maradine@yahoo.com
"2473 Hackworth Road, Adamsville AL 35005",(585) 984-7353,granboul@optonline.net
"630 Coonial Promenade Pkwy, Alabaster AL 35007",(292) 465-1602,dawnsong@mac.com
"2643 Hwy 280 West, Alexander City AL 35010",(477) 454-5148,moonlapse@icloud.com
"540 West Bypass, Andalusia AL 36420",(365) 750-4151,isotopian@mac.com
"5560 Mcclellan Blvd, Anniston AL 36206",(223) 889-8642,claesjac@yahoo.ca
"1450 No Brindlee Mtn Pkwy, Arab AL 35016",(778) 284-5481,jfriedl@icloud.com
"1011 US Hwy 72 East, Athens AL 35611",(240) 416-7096,sjava@yahoo.ca
"973 Gilbert Ferry Road Se, Attalla AL 35954",(394) 301-9804,overbom@hotmail.com
"1717 South College Street, Auburn AL 36830",(620) 297-3826,hyper@aol.com
"701 Mcmeans Ave, Bay Minette AL 36507",(539) 699-0542,mallanmba@me.com
"750 Academy Drive, Bessemer AL 35022",(572) 556-2780,fraterk@comcast.net
"312 Palisades Blvd, Birmingham AL 35209",(710) 247-1813,mpiotr@yahoo.com
"1600 Montclair Rd, Birmingham AL 35210",(462) 573-6465,cisugrad@aol.com
"5919 Trussville Crossings Pkwy, Birmingham AL 35235",(721) 435-5034,noahb@optonline.net
"9248 Parkway East, Birmingham AL 35206",(384) 987-2109,sekiya@yahoo.com
"1972 Hwy 431, Boaz AL 35957",(492) 433-7595,doche@att.net
"10675 Hwy 5, Brent AL 35034",(206) 368-8152,mcnihil@sbcglobal.net
"2041 Douglas Avenue, Brewton AL 36426",(289) 413-7530,kannan@hotmail.com
"5100 Hwy 31, Calera AL 35040",(785) 669-9788,jnolan@hotmail.com
"1916 Center Point Rd, Center Point AL 35215",(969) 853-1330,ahmad@yahoo.ca
"1950 W Main St, Centre AL 35960",(803) 832-4933,jhardin@sbcglobal.net
"16077 Highway 280, Chelsea AL 35043",(379) 897-7146,cderoove@icloud.com
"1415 7Th Street South, Clanton AL 35045",(872) 720-1538,marcs@mac.com
"626 Olive Street Sw, Cullman AL 35055",(949) 855-0166,seanq@icloud.com
"27520 Hwy 98, Daphne AL 36526",(726) 991-6270,jmcnamara@mac.com
"2800 Spring Avn SW, Decatur AL 35603",(787) 524-9616,debest@icloud.com
"969 Us Hwy 80 West, Demopolis AL 36732",(952) 843-2205,sherzodr@sbcglobal.net
"3300 South Oates Street, Dothan AL 36301",(711) 591-6961,sopwith@comcast.net
"4310 Montgomery Hwy, Dothan AL 36303",(806) 479-2380,podmaster@me.com
"600 Boll Weevil Circle, Enterprise AL 36330",(928) 948-6443,birddog@verizon.net
"3176 South Eufaula Avenue, Eufaula AL 36027",(302) 824-6142,danzigism@yahoo.ca
"7100 Aaron Aronov Drive, Fairfield AL 35064",(812) 916-5962,gavollink@att.net
"10040 County Road 48, Fairhope AL 36533",(473) 773-0752,credmond@verizon.net
"3186 Hwy 171 North, Fayette AL 35555",(796) 974-7116,mwilson@hotmail.com
"3100 Hough Rd, Florence AL 35630",(573) 881-7415,nasarius@live.com
"2200 South Mckenzie St, Foley AL 36535",(596) 793-0477,rande@gmail.com
"2001 Glenn Bldv Sw, Fort Payne AL 35968",(401) 521-1526,bdthomas@att.net
"340 East Meighan Blvd, Gadsden AL 35903",(362) 274-9473,pplinux@yahoo.ca
"890 Odum Road, Gardendale AL 35071",(371) 260-9704,andrewik@gmail.com
"1608 W Magnolia Ave, Geneva AL 36340",(686) 534-8115,wildfire@verizon.net
"501 Willow Lane, Greenville AL 36037",(852) 943-1686,krueger@sbcglobal.net
"170 Fort Morgan Road, Gulf Shores AL 36542",(891) 933-5374,larry@optonline.net
"11697 US Hwy 431, Guntersville AL 35976",(784) 759-5494,stevelim@hotmail.com
"42417 Hwy 195, Haleyville AL 35565",(581) 662-5201,jfmulder@mac.com
"1706 Military Street South, Hamilton AL 35570",(440) 945-7439,suresh@sbcglobal.net
"1201 Hwy 31 NW, Hartselle AL 35640",(700) 463-0078,sherzodr@gmail.com
"209 Lakeshore Parkway, Homewood AL 35209",(960) 302-5452,meinkej@comcast.net
"2780 John Hawkins Pkwy, Hoover AL 35244",(331) 313-1203,knorr@live.com
"5335 Hwy 280 South, Hoover AL 35242",(663) 746-8950,mobileip@verizon.net
"1007 Red Farmer Drive, Hueytown AL 35023",(881) 428-2469,cosimo@comcast.net
"2900 S Mem PkwyDrake Ave, Huntsville AL 35801",(334) 709-3684,mddallara@icloud.com
"11610 Memorial Pkwy South, Huntsville AL 35803",(626) 473-5191,gozer@me.com
"2200 Sparkman Drive, Huntsville AL 35810",(925) 824-2334,loscar@icloud.com
"330 Sutton Rd, Huntsville AL 35763",(810) 557-9614,gommix@yahoo.ca
"6140A Univ Drive, Huntsville AL 35806",(693) 906-3203,daveed@comcast.net
"4206 N College Ave, Jackson AL 36545",(294) 678-4741,bancboy@hotmail.com
"1625 Pelham South, Jacksonville AL 36265",(867) 864-7071,studyabr@att.net
"1801 Hwy 78 East, Jasper AL 35501",(414) 966-2921,rsteiner@att.net
"8551 Whitfield Ave, Leeds AL 35094",(778) 890-5532,hager@live.com
"8650 Madison Blvd, Madison AL 35758",(560) 793-0475,tubajon@sbcglobal.net
"145 Kelley Blvd, Millbrook AL 36054",(770) 748-5889,ardagna@mac.com
"1970 S University Blvd, Mobile AL 36609",(930) 977-2671,mschwartz@yahoo.ca
"6350 Cottage Hill Road, Mobile AL 36609",(437) 372-3595,comdig@comcast.net
"101 South Beltline Highway, Mobile AL 36606",(819) 251-4792,vmalik@icloud.com
"2500 Dawes Road, Mobile AL 36695",(955) 526-4700,terjesa@att.net
"5245 Rangeline Service Rd, Mobile AL 36619",(538) 300-0853,kudra@sbcglobal.net
"685 Schillinger Rd, Mobile AL 36695",(284) 882-8621,gknauss@sbcglobal.net
"3371 S Alabama Ave, Monroeville AL 36460",(645) 408-8672,smpeters@verizon.net
"10710 Chantilly Pkwy, Montgomery AL 36117",(699) 404-5772,stevelim@att.net
"3801 Eastern Blvd, Montgomery AL 36116",(592) 714-7461,weazelman@mac.com
"6495 Atlanta Hwy, Montgomery AL 36117",(400) 460-8936,xnormal@mac.com
"851 Ann St, Montgomery AL 36107",(315) 907-1763,delpino@aol.com
"15445 Highway 24, Moulton AL 35650",(776) 760-3476,gemmell@aol.com
"517 West Avalon Ave, Muscle Shoals AL 35661",(641) 901-2214,multiplx@yahoo.ca
"5710 Mcfarland Blvd, Northport AL 35476",(920) 788-8771,pspoole@verizon.net
"2453 2Nd Avenue East, Oneonta AL 35121  205-625-647",(359) 328-9967,grolschie@sbcglobal.net
"2900 Pepperrell Pkwy, Opelika AL 36801",(305) 719-1695,tkrotchko@aol.com
"92 Plaza Lane, Oxford AL 36203",(329) 437-8133,maneesh@icloud.com
"1537 Hwy 231 South, Ozark AL 36360",(840) 455-9125,stinson@live.com
"2181 Pelham Pkwy, Pelham AL 35124",(371) 426-3599,chinthaka@aol.com
"165 Vaughan Ln, Pell City AL 35125",(324) 326-8903,mrsam@sbcglobal.net
"3700 Hwy 280-431 N, Phenix City AL 36867",(804) 412-7190,jaesenj@optonline.net
"1903 Cobbs Ford Rd, Prattville AL 36066",(823) 748-3582,feamster@comcast.net
"4180 Us Hwy 431, Roanoke AL 36274",(504) 850-8185,geekgrl@comcast.net
"13675 Hwy 43, Russellville AL 35653",(729) 819-6085,hauma@verizon.net
"1095 Industrial Pkwy, Saraland AL 36571",(920) 421-5503,jgmyers@yahoo.ca
"24833 Johnt Reidprkw, Scottsboro AL 35768",(962) 238-8169,jramio@icloud.com
"1501 Hwy 14 East, Selma AL 36703",(314) 497-4521,maikelnai@outlook.com
"7855 Moffett Rd, Semmes AL 36575",(245) 863-5558,jmcnamara@optonline.net
"150 Springville Station Blvd, Springville AL 35146",(980) 487-1420,lipeng@aol.com
"690 Hwy 78, Sumiton AL 35148",(209) 222-9378,fraterk@sbcglobal.net
"41301 US Hwy 280, Sylacauga AL 35150",(200) 644-0198,aracne@yahoo.com
"214 Haynes Street, Talladega AL 35160",(779) 831-5249,wojciech@att.net
"1300 Gilmer Ave, Tallassee AL 36078",(209) 284-5928,dhrakar@icloud.com
"34301 Hwy 43, Thomasville AL 36784",(457) 352-8408,carreras@msn.com
"1420 Us 231 South, Troy AL 36081",(391) 900-0990,seanq@mac.com
"1501 Skyland Blvd E, Tuscaloosa AL 35405",(899) 799-1495,kevinm@att.net
"3501 20th Av, Valley AL 36854",(377) 278-4744,bhima@msn.com
"1300 Montgomery Highway, Vestavia Hills AL 35216",(597) 986-2098,shrapnull@sbcglobal.net
"4538 Us Hwy 231, Wetumpka AL 36092",(588) 236-1788,kosact@optonline.net
"2575 Us Hwy 43, Winfield AL 35594",(757) 741-0533,mnemonic@icloud.com
